,arm_entries,frac_in_arms,frames_in_arms,inner_directory,median_speed,outer_directory,smoothed_median_speed,tot_arm_entries,total_distance,total_smoothed_distance
0,"[[], [], [], [], [], [], [], [], [314, 1447, 2047]]","{'frac_in_closedAndMiddle': 0.4339023754171588, 'frac_in_middle': 0.015745698016743533, 'frac_in_openArms': 0.19693941730945969, 'frac_in_closedArms': 0.4181566774004153}","{'CR': 680, 'OT': 205, 'M': 4, 'OB': 49, 'CL': 7067}",/Users/joshfeldman/Desktop/Projects/mice_behavior_capstone/munging_data/Mice_Capstone_data_files/20121116_153006_EPM_BW_224_F/analysis/179-9339_seg200_man-thresh-0.250-0to313,"{'F1': 0.0, 'F2': 88.74677535986204, 'F3': 0.0, 'F4': 0.0, 'CL': 0.0, 'M': 58.99548268548122, 'OB': 118.6517300673026, 'CR': 33.02025337684318, 'OT': 34.86359680600796}",/Users/joshfeldman/Desktop/Projects/mice_behavior_capstone/munging_data/Mice_Capstone_data_files/20121116_153006_EPM_BW_224_F/analysis/179-9339_seg200_man-thresh-0.250-0to313,"{'F1': 0.0, 'F2': 576.9459903556191, 'F3': 0.0, 'F4': 0.0, 'CL': 0.0, 'M': 58.99548268548122, 'OB': 267.869374321356, 'CR': 68.99518006827003, 'OT': 157.12595349365182}","{'F1': 0, 'F2': 0, 'F3': 0, 'F4': 0, 'CL': 0, 'M': 0, 'OB': 0, 'CR': 0, 'OT': 3}","{'F1': 694.3969721248784, 'F2': 913.9628964061285, 'F3': 57.624266904090916, 'F4': 570.0890000786488, 'CL': 1719.1351850874098, 'M': 4.918801145680721, 'OB': 500.89384603950054, 'CR': 2816.4142181205398, 'OT': 1641.147605081346}","{'F1': 693.708814395308, 'F2': 951.3943616431685, 'F3': 53.624266904090916, 'F4': 556.384736088623, 'CL': 1719.089709815989, 'M': 4.918801145680721, 'OB': 449.80249713940304, 'CR': 2818.81263710895, 'OT': 1654.5194170661757}"
